,AF3,F7,F3,FC5,T7,P7,O1,O2,P8,T8,FC6,F4,F8,AF4,Name
0,0,0,0,0,0,0,0,0,0,0,0,0,0,0,left
13,5925.272727,5097.939393,4818.212121,4550.333333,3543.212121,4290.696969,3999.121212,4212.90909,4488.515151,4416.393939,5217.454545,6110.212121,4525.090909,7250.242424,left
14,5925.272727,5097.939393,4818.212121,4550.333333,3543.212121,4290.696969,3999.121212,4212.90909,4488.515151,4416.393939,5217.454545,6110.212121,4525.090909,7250.242424,left
15,5925.272727,5097.939393,4818.212121,4550.333333,3543.212121,4290.696969,3999.121212,4212.90909,4488.515151,4416.393939,5217.454545,6110.212121,4525.090909,7250.242424,left
18,4022.818181,5743.424242,3314.484848,5361.181818,3493.242424,4469.454545,4016.636363,4696.121212,4412.787878,4357.666666,4292.242424,5993.787878,4275.757575,5685.727272,left
19,4022.818181,5743.424242,3314.484848,5361.181818,3493.242424,4469.454545,4016.636363,4696.121212,4412.787878,4357.666666,4292.242424,5993.787878,4275.757575,5685.727272,left
20,5257.636363,4526.121212,5844.393939,4250.515151,3729.696969,4263.90909,3426.272727,4541.060606,4415.363636,4104.212121,4454,4555.484848,4080,5559.515151,left
21,5257.636363,4526.121212,5844.393939,4250.515151,3729.696969,4263.90909,3426.272727,4541.060606,4415.363636,4104.212121,4454,4555.484848,4080,5559.515151,left
22,5257.636363,4526.121212,5844.393939,4250.515151,3729.696969,4263.90909,3426.272727,4541.060606,4415.363636,4104.212121,4454,4555.484848,4080,5559.515151,left
23,5257.636363,4526.121212,5844.393939,4250.515151,3729.696969,4263.90909,3426.272727,4541.060606,4415.363636,4104.212121,4454,4555.484848,4080,5559.515151,left
24,4512.727272,4649.757575,4300.484848,4516.333333,3462.333333,4279.363636,3792.545454,4395.272727,4496.757575,4197.454545,5051.575757,4267.515151,4403,6699.545454,left
25,4180.454545,4364.878787,4664.181818,5144.818181,3418.030303,4268.030303,4170.666666,4484.90909,4484.393939,4183.545454,5226.212121,7125.060605,4380.848484,5559.515151,left
26,4180.454545,4364.878787,4664.181818,5144.818181,3418.030303,4268.030303,4170.666666,4484.90909,4484.393939,4183.545454,5226.212121,7125.060605,4380.848484,5559.515151,left
27,4180.454545,4364.878787,4664.181818,5144.818181,3418.030303,4268.030303,4170.666666,4484.90909,4484.393939,4183.545454,5226.212121,7125.060605,4380.848484,5559.515151,left
28,4210.848484,4439.575757,4914.545454,5069.090909,3295.939394,4158.818181,3947.60606,4655.424242,4475.636363,4143.878787,5121.121212,7936.939393,4363.333333,5773.818181,left
29,4478.212121,4706.424242,5187.060606,5197.363636,3748.242424,4071.242424,3667.363636,4721.363636,4449.363636,4237.121212,4720.333333,7119.90909,4057.848484,5450.818181,left
30,4478.212121,4706.424242,5187.060606,5197.363636,3748.242424,4071.242424,3667.363636,4721.363636,4449.363636,4237.121212,4720.333333,7119.90909,4057.848484,5450.818181,left
31,4582.787878,4722.90909,5042.30303,5248.363636,3672,4066.090909,3727.636363,4589.484848,4444.727272,4212.90909,4713.121212,7557.272727,3996.030303,5319.969696,left
32,4582.787878,4722.90909,5042.30303,5248.363636,3672,4066.090909,3727.636363,4589.484848,4444.727272,4212.90909,4713.121212,7557.272727,3996.030303,5319.969696,left
33,4413.30303,5097.939393,4826.969696,4762.575757,3574.121212,3944,3184.666666,4410.727272,4408.666666,4228.363636,4736.818181,5582.696969,4017.151515,6444.030302,left
34,5543.030302,4674.484848,5151.515151,4144.90909,3969.757575,4092.363636,3152.727272,4338.60606,4364.878787,4190.757575,4591.030303,3839.939394,3446.878788,6442.484848,left
35,5543.030302,4674.484848,5151.515151,4144.90909,3969.757575,4092.363636,3152.727272,4338.60606,4364.878787,4190.757575,4591.030303,3839.939394,3446.878788,6442.484848,left
36,5543.030302,4674.484848,5151.515151,4144.90909,3969.757575,4092.363636,3152.727272,4338.60606,4364.878787,4190.757575,4591.030303,3839.939394,3446.878788,6442.484848,left
37,4720.848484,4870.242424,4704.363636,4066.60606,4125.333333,4264.424242,3304.181818,4395.787878,4380.848484,4196.424242,4449.878787,3597.30303,4250.515151,6650.090908,left
38,4531.787878,4843.969696,3967.696969,4330.363636,4098.030303,4293.272727,3439.151515,4272.151515,4373.121212,4179.424242,4352,4547.757575,4338.090909,6411.575757,left
39,4531.787878,4843.969696,3967.696969,4330.363636,4098.030303,4293.272727,3439.151515,4272.151515,4373.121212,4179.424242,4352,4547.757575,4338.090909,6411.575757,left
40,4531.787878,4843.969696,3967.696969,4330.363636,4098.030303,4293.272727,3439.151515,4272.151515,4373.121212,4179.424242,4352,4547.757575,4338.090909,6411.575757,left
41,4467.90909,4877.454545,3502.515151,4374.666666,4133.575757,4363.333333,3691.060606,4270.60606,4349.939394,4149.545454,4422.575757,4489.545454,4279.878787,5940.212121,left
42,4467.90909,4877.454545,3502.515151,4374.666666,4133.575757,4363.333333,3691.060606,4270.60606,4349.939394,4149.545454,4422.575757,4489.545454,4279.878787,5940.212121,left
43,4311.818181,4430.30303,4367.454545,4664.696969,4164.484848,4550.848484,4014.060606,4359.727272,4363.333333,4158.30303,4498.818181,3339.212121,4042.393939,4499.333333,left
44,4311.818181,4430.30303,4367.454545,4664.696969,4164.484848,4550.848484,4014.060606,4359.727272,4363.333333,4158.30303,4498.818181,3339.212121,4042.393939,4499.333333,left
45,4280.90909,4651.30303,4141.818181,4693.030303,4094.424242,4565.272727,4246.393939,4415.878787,4388.060606,4156.757575,4461.212121,3243.393939,4108.333333,4459.151515,left
46,4241.757575,4738.878787,3944.515151,4705.90909,4097,4608.545454,4390.121212,4411.757575,4384.454545,4145.939394,4466.878787,3339.727272,4121.212121,4468.424242,left
47,4280.393939,4602.878787,3981.60606,4646.666666,3986.757575,4532.818181,4371.060606,4477.181818,4401.454545,4147.484848,4500.878787,3851.787878,4098.545454,4530.757575,left
48,4088.757575,4317.484848,4160.363636,4609.575757,3886.30303,4428.242424,4257.212121,4584.333333,4433.393939,4113.484848,4619.878787,4547.757575,4060.424242,4830.060606,left
49,4036.727272,4277.818181,4158.818181,4571.969697,3861.060606,4425.666666,4242.272727,4573.515151,4407.121212,4016.121212,4538.484848,4300.484848,4190.757575,5109.787878,left
50,3719.393939,4082.060606,4249.484848,4505,3951.212121,4452.454545,4150.060606,4563.212121,4586.90909,4309.757575,4967.090909,4590,3884.242424,4630.696969,left
51,3662.212121,4147.484848,4220.121212,4580.212121,4032.090909,4546.212121,4192.30303,4632.242424,4619.363636,4300.484848,5044.878787,4552.90909,3763.696969,4084.636363,left
52,3662.212121,4147.484848,4220.121212,4580.212121,4032.090909,4546.212121,4192.30303,4632.242424,4619.363636,4300.484848,5044.878787,4552.90909,3763.696969,4084.636363,left
53,4525.090909,4921.757575,4342.727272,4670.878787,4086.181818,4627.60606,4091.848484,4418.454545,4459.151515,4123.272727,4661.090909,4406.60606,3924.424242,4571.454545,left
54,5397.242424,5550.757575,4012.515151,4286.575757,3846.636363,4173.757575,3566.393939,4414.333333,4329.333333,4267.515151,4085.666666,4980.484848,4259.272727,6291.545454,left
55,5397.242424,5550.757575,4012.515151,4286.575757,3846.636363,4173.757575,3566.393939,4414.333333,4329.333333,4267.515151,4085.666666,4980.484848,4259.272727,6291.545454,left
56,5371.999999,5801.121212,3924.424242,4017.151515,3787.909091,4122.757575,3513.333333,4491.60606,4224.757575,4212.393939,3783.787878,5637.30303,4301,6675.333333,left
57,5371.999999,5801.121212,3924.424242,4017.151515,3787.909091,4122.757575,3513.333333,4491.60606,4224.757575,4212.393939,3783.787878,5637.30303,4301,6675.333333,left
58,4590.515151,5617.727272,3212.484848,4307.696969,4188.181818,4579.181818,3964.090909,4326.757575,4314.393939,3902.787878,4543.636363,3611.727272,3756.484848,5820.696969,left
59,4590.515151,5617.727272,3212.484848,4307.696969,4188.181818,4579.181818,3964.090909,4326.757575,4314.393939,3902.787878,4543.636363,3611.727272,3756.484848,5820.696969,left
60,4590.515151,5617.727272,3212.484848,4307.696969,4188.181818,4579.181818,3964.090909,4326.757575,4314.393939,3902.787878,4543.636363,3611.727272,3756.484848,5820.696969,left
61,3576.181818,4262.878787,4897.545454,4568.363636,4382.393939,4959.878787,4544.151515,4361.787878,4503.969697,4399.90909,4154.696969,1845.272727,4398.363636,3957.393939,left
62,3391.242424,4884.666666,3866.727272,4771.333333,4369.515151,5034.060606,4650.787878,4298.424242,4436.484848,4274.727272,4139.242424,1286.333333,4763.60606,4342.727272,left
63,3811.090909,4550.333333,3222.787878,5483.787878,4563.212121,5394.151515,5307.090909,4250.515151,4311.30303,3991.393939,4218.060606,2228.030303,4054.757575,1930.272727,left
64,4633.787878,5148.939393,3432.969697,5467.30303,4342.212121,5600.727272,5826.363636,4155.727272,4264.939394,3896.60606,4248.969697,1106.545454,3557.636363,1594.393939,left
65,4633.787878,5148.939393,3432.969697,5467.30303,4342.212121,5600.727272,5826.363636,4155.727272,4264.939394,3896.60606,4248.969697,1106.545454,3557.636363,1594.393939,left
66,4633.787878,5148.939393,3432.969697,5467.30303,4342.212121,5600.727272,5826.363636,4155.727272,4264.939394,3896.60606,4248.969697,1106.545454,3557.636363,1594.393939,left
67,4243.818181,4867.666666,3584.424242,5375.090909,4528.696969,5638.333333,5712.515151,4326.757575,4337.575757,3975.939394,4114,534.2121212,3733.818181,1691.242424,left
68,3963.060606,4490.060606,4754.333333,5023.757575,4290.696969,4989.757575,4586.90909,4778.545454,4599.787878,4331.90909,4338.090909,2173.939394,3694.666666,2513.424242,left
69,5218.999999,5089.181818,4472.545454,4122.757575,3711.666666,3928.545454,2952.848485,4539.515151,4545.181818,4304.60606,4705.393939,4837.787878,4048.575757,5868.090909,left
70,4513.242424,5283.90909,3397.939394,3796.151515,3493.242424,3808,3166.121212,4058.878787,4187.666666,4140.787878,4409.181818,7729.848484,4441.636363,7882.333333,left
71,4884.666666,4440.60606,2777.696969,5469.878787,4205.696969,5404.454545,5392.090909,4508.60606,4412.787878,4118.121212,4358.696969,3018.787878,3466.969697,1488.787879,left
72,4884.666666,4440.60606,2777.696969,5469.878787,4205.696969,5404.454545,5392.090909,4508.60606,4412.787878,4118.121212,4358.696969,3018.787878,3466.969697,1488.787879,left
73,3732.272727,4829.545454,6054.575757,4824.90909,4646.151515,5713.030302,5889.727272,4299.969697,4373.636363,4140.272727,4014.575757,529.060606,3397.424242,1343,left
74,3732.272727,4829.545454,6054.575757,4824.90909,4646.151515,5713.030302,5889.727272,4299.969697,4373.636363,4140.272727,4014.575757,529.060606,3397.424242,1343,left
75,3732.272727,4829.545454,6054.575757,4824.90909,4646.151515,5713.030302,5889.727272,4299.969697,4373.636363,4140.272727,4014.575757,529.060606,3397.424242,1343,left
76,3732.272727,4829.545454,6054.575757,4824.90909,4646.151515,5713.030302,5889.727272,4299.969697,4373.636363,4140.272727,4014.575757,529.060606,3397.424242,1343,left
77,3732.272727,4829.545454,6054.575757,4824.90909,4646.151515,5713.030302,5889.727272,4299.969697,4373.636363,4140.272727,4014.575757,529.060606,3397.424242,1343,left
78,5105.151515,4860.454545,4507.060606,5237.545454,4512.212121,5569.818181,5403.939393,4513.757575,4371.575757,4023.333333,4217.545454,773.2424242,2914.727272,926.7575757,left
79,5105.151515,4860.454545,4507.060606,5237.545454,4512.212121,5569.818181,5403.939393,4513.757575,4371.575757,4023.333333,4217.545454,773.2424242,2914.727272,926.7575757,left
80,5154.60606,4006.333333,3801.30303,5972.151515,4560.636363,5489.454545,5265.363636,4537.969697,4382.90909,4030.545454,4174.787878,1327.030303,3024.969697,770.6666666,left
81,3643.666666,4561.151515,4852.212121,4939.787878,4765.151515,5600.727272,5525.515151,4563.212121,4466.363636,4401.454545,3992.939394,693.3939393,3491.181818,795.3939393,left
82,3643.666666,4561.151515,4852.212121,4939.787878,4765.151515,5600.727272,5525.515151,4563.212121,4466.363636,4401.454545,3992.939394,693.3939393,3491.181818,795.3939393,left
83,3643.666666,4561.151515,4852.212121,4939.787878,4765.151515,5600.727272,5525.515151,4563.212121,4466.363636,4401.454545,3992.939394,693.3939393,3491.181818,795.3939393,left
84,4358.696969,5202.515151,3840.454545,4730.121212,4542.60606,5052.60606,4571.969697,4034.151515,4463.272727,4086.181818,4139.242424,1202.363636,4130.484848,3579.272727,left
85,4358.696969,5202.515151,3840.454545,4730.121212,4542.60606,5052.60606,4571.969697,4034.151515,4463.272727,4086.181818,4139.242424,1202.363636,4130.484848,3579.272727,left
86,4358.696969,5202.515151,3840.454545,4730.121212,4542.60606,5052.60606,4571.969697,4034.151515,4463.272727,4086.181818,4139.242424,1202.363636,4130.484848,3579.272727,left
87,4358.696969,5202.515151,3840.454545,4730.121212,4542.60606,5052.60606,4571.969697,4034.151515,4463.272727,4086.181818,4139.242424,1202.363636,4130.484848,3579.272727,left
88,3768.848484,4197.454545,4973.787878,4276.272727,3804.909091,3791,2900.818182,4067.121212,4544.151515,4230.939394,5277.727272,7067.878787,4417.424242,7421.787878,left
89,3768.848484,4197.454545,4973.787878,4276.272727,3804.909091,3791,2900.818182,4067.121212,4544.151515,4230.939394,5277.727272,7067.878787,4417.424242,7421.787878,left
90,4305.636363,4444.212121,4985.121212,4085.151515,3448.424242,3765.242424,3114.60606,3982.636363,4477.181818,4166.545454,5238.060606,7334.727272,4381.363636,7462.999999,left
91,4872.30303,4782.666666,3588.545454,4304.090909,3431.424242,3823.969697,3301.090909,4351.484848,4247.939394,4104.727272,4693.545454,7025.636363,4287.090909,7920.969696,left
92,4872.818181,5320.999999,3238.757575,4090.818181,3411.848485,4038.787878,3767.818181,5534.272727,4432.363636,4433.393939,4452.969697,7444.969696,4156.757575,6731.999999,left
93,3185.696969,5421.454545,1880.818182,5784.121212,4100.60606,4933.090909,4920.727272,5221.575757,4395.787878,4268.545454,3845.60606,4298.424242,4027.454545,3894.545454,left
94,3185.696969,5421.454545,1880.818182,5784.121212,4100.60606,4933.090909,4920.727272,5221.575757,4395.787878,4268.545454,3845.60606,4298.424242,4027.454545,3894.545454,left
95,3185.696969,5421.454545,1880.818182,5784.121212,4100.60606,4933.090909,4920.727272,5221.575757,4395.787878,4268.545454,3845.60606,4298.424242,4027.454545,3894.545454,left
96,4115.545454,5732.090909,3050.212121,5556.424242,4167.060606,5105.666666,5218.484848,4551.363636,4446.787878,4081.030303,4183.545454,2980.666666,3525.181818,3064.636363,left
97,4507.060606,4876.939393,5719.727272,4626.060606,4680.666666,5596.090909,5410.121212,4189.727272,4415.878787,4063,4171.696969,460.5454545,3531.878788,2565.454545,left
98,3548.363636,4819.757575,4298.424242,4749.696969,4664.181818,5365.30303,4804.818181,4086.181818,4535.393939,4254.121212,4382.393939,2028.666666,3656.545454,830.9393939,left
99,3548.363636,4819.757575,4298.424242,4749.696969,4664.181818,5365.30303,4804.818181,4086.181818,4535.393939,4254.121212,4382.393939,2028.666666,3656.545454,830.9393939,left
100,3548.363636,4819.757575,4298.424242,4749.696969,4664.181818,5365.30303,4804.818181,4086.181818,4535.393939,4254.121212,4382.393939,2028.666666,3656.545454,830.9393939,left
101,4486.454545,5619.272727,3200.636363,4451.939393,4757.424242,5348.818181,4679.636363,3771.424242,4370.545454,4079.484848,4077.424242,735.121212,3769.363636,2747.30303,left
102,4486.454545,5619.272727,3200.636363,4451.939393,4757.424242,5348.818181,4679.636363,3771.424242,4370.545454,4079.484848,4077.424242,735.121212,3769.363636,2747.30303,left
103,4486.454545,5619.272727,3200.636363,4451.939393,4757.424242,5348.818181,4679.636363,3771.424242,4370.545454,4079.484848,4077.424242,735.121212,3769.363636,2747.30303,left
104,4617.818181,5338.515151,3094.515151,4221.666666,4369.515151,4808.424242,3955.848484,3630.272727,4348.393939,4020.757575,4264.424242,2188.878788,4065.575757,4395.272727,left
105,4795.545454,4744.030303,3918.242424,4522.515151,4242.272727,4238.151515,3425.242424,3631.30303,4556,4172.212121,5027.878787,4734.757575,4332.424242,5899.515151,left
106,4805.848484,4780.090909,4392.696969,4662.121212,3915.151515,4094.424242,3382.484848,3701.878788,4476.151515,4079.484848,5048.484848,3851.787878,4514.787878,7501.636363,left
107,4456.575757,4415.363636,4029.515151,4237.121212,3166.121212,3687.969697,3221.757575,4606.484848,4303.060606,4126.363636,4900.636363,8118.787878,4412.787878,7927.666666,left
108,4686.848484,4913,3187.242424,4302.030303,3339.727272,3932.151515,3690.545454,5762.484848,4314.90909,4314.90909,4238.666666,6509.969696,4320.060606,7927.666666,left
109,2722.575757,5382.30303,2128.090909,5699.121212,3690.545454,4411.242424,4326.757575,5763.515151,4350.969697,4514.272727,3636.969697,6692.848484,4280.90909,4043.424242,left
110,2722.575757,5382.30303,2128.090909,5699.121212,3690.545454,4411.242424,4326.757575,5763.515151,4350.969697,4514.272727,3636.969697,6692.848484,4280.90909,4043.424242,left
111,4192.818181,4301.515151,4899.090909,5585.787878,4427.727272,5313.272727,5086.60606,4611.636363,4498.818181,4384.969697,3992.939394,848.4545454,3469.545454,2417.090909,left
112,4192.818181,4301.515151,4899.090909,5585.787878,4427.727272,5313.272727,5086.60606,4611.636363,4498.818181,4384.969697,3992.939394,848.4545454,3469.545454,2417.090909,left
113,4192.818181,4301.515151,4899.090909,5585.787878,4427.727272,5313.272727,5086.60606,4611.636363,4498.818181,4384.969697,3992.939394,848.4545454,3469.545454,2417.090909,left
114,4428.242424,5390.545454,2605.121212,4730.636363,4655.939393,5279.787878,4476.151515,4047.545454,4476.666666,4130.484848,4246.90909,1447.575757,3785.333333,3353.121212,left
115,3872.909091,5228.272727,3117.181818,3957.393939,4774.424242,5037.666666,4243.30303,3445.848485,4270.090909,4040.333333,4073.818181,2094.090909,4278.848484,3234.636363,left
116,4025.393939,5102.060606,3431.424242,4071.757575,4620.393939,4771.333333,3869.818181,3296.969697,4169.121212,3913.60606,4210.848484,2937.393939,4262.363636,3626.666666,left
117,4025.393939,5102.060606,3431.424242,4071.757575,4620.393939,4771.333333,3869.818181,3296.969697,4169.121212,3913.60606,4210.848484,2937.393939,4262.363636,3626.666666,left
118,4816.666666,4907.848484,3704.969697,4408.666666,4063.515151,4231.454545,3489.121212,3197.030303,4318,3847.151515,5215.393939,4614.727272,4555.484848,6707.272727,left
119,4447.30303,4252.575757,4469.454545,4400.424242,3314.484848,3789.969697,3232.060606,4138.727272,4342.727272,4054.242424,4729.60606,7668.030302,4375.696969,7920.454545,left
120,4485.939393,4696.121212,3824.484848,4355.60606,3302.121212,3953.272727,3700.333333,6347.696969,4534.363636,4474.60606,4340.151515,6312.666666,4409.696969,6559.939393,left
121,4377.242424,4805.333333,4042.393939,4259.787878,3276.363636,3955.333333,3700.848484,6133.393939,4688.90909,4676.545454,4278.848484,7246.636363,4276.272727,6134.424242,left
122,4118.636363,5900.545454,2972.424242,4958.333333,3117.696969,3930.090909,3947.60606,5687.787878,4303.575757,4509.636363,3563.818181,7137.939393,4083.090909,5148.939393,left
123,3046.60606,5339.030302,4654.90909,5083.515151,3986.757575,4842.939393,5000.060606,5051.060606,4505,4203.636363,4527.151515,2998.696969,3547.848484,3255.757575,left
124,3046.60606,5339.030302,4654.90909,5083.515151,3986.757575,4842.939393,5000.060606,5051.060606,4505,4203.636363,4527.151515,2998.696969,3547.848484,3255.757575,left
125,4095.454545,4710.545454,4842.424242,4627.60606,4546.727272,5415.787878,5267.939393,4693.545454,4448.848484,4440.090909,3775.545454,170,3710.121212,2338.272727,left
126,4095.454545,4710.545454,4842.424242,4627.60606,4546.727272,5415.787878,5267.939393,4693.545454,4448.848484,4440.090909,3775.545454,170,3710.121212,2338.272727,left
127,4095.454545,4710.545454,4842.424242,4627.60606,4546.727272,5415.787878,5267.939393,4693.545454,4448.848484,4440.090909,3775.545454,170,3710.121212,2338.272727,left
128,4169.636363,4959.363636,3582.878788,4997.484848,4618.333333,5059.818181,4064.545454,4166.545454,4490.575757,4216.515151,4098.545454,2757.60606,3761.636363,3126.454545,left
129,4169.636363,4959.363636,3582.878788,4997.484848,4618.333333,5059.818181,4064.545454,4166.545454,4490.575757,4216.515151,4098.545454,2757.60606,3761.636363,3126.454545,left
130,4547.757575,5661.515151,2426.878788,4522.515151,4803.272727,5226.727272,4149.030303,4040.848484,4440.60606,4182.515151,4046.515151,899.4545454,3991.393939,4166.030303,left
131,3906.909091,4923.818181,2945.636363,4449.878787,4846.030303,4936.181818,4021.272727,3327.363636,4229.90909,4025.909091,4073.30303,2527.333333,4317.484848,4656.454545,left
132,4823.363636,5164.90909,3168.696969,4263.393939,4270.090909,4491.090909,3800.787878,3054.848485,4221.151515,3852.818181,5059.30303,2942.030303,4795.545454,6796.90909,left
133,4225.272727,4673.969697,3650.363636,4596.696969,3891.454545,4374.666666,3770.393939,3264,4228.878787,3835.30303,4908.363636,6395.090908,4639.969697,7022.030302,left
134,4156.757575,4373.636363,3738.454545,4449.363636,3627.696969,4203.636363,3734.333333,3822.939394,4252.575757,3924.939394,4687.363636,7946.727272,4502.939393,7425.393939,left
135,4350.454545,4666.242424,3505.090909,4203.121212,3684.363636,4296.363636,4028.484848,6023.666666,4533.333333,4387.030303,4158.818181,6070.030302,4519.939393,5735.696969,left
136,4350.454545,4666.242424,3505.090909,4203.121212,3684.363636,4296.363636,4028.484848,6023.666666,4533.333333,4387.030303,4158.818181,6070.030302,4519.939393,5735.696969,left
137,4025.909091,4803.787878,3260.909091,4124.818181,3611.212121,4289.666666,3955.848484,6084.454545,4645.636363,4685.818181,4097,7100.333333,4667.272727,5804.727272,left
138,4025.909091,4803.787878,3260.909091,4124.818181,3611.212121,4289.666666,3955.848484,6084.454545,4645.636363,4685.818181,4097,7100.333333,4667.272727,5804.727272,left
139,3784.818181,4907.333333,2796.757575,4460.181818,3410.818181,4155.212121,4033.636363,5680.575757,4544.151515,4677.060606,3997.060606,8107.969696,4312.848484,5875.818181,left
140,3698.272727,5291.636363,2729.787879,4893.424242,3451,4329.848484,4462.242424,5543.030302,4498.30303,4499.848484,4123.272727,6001.515151,3962.545454,5290.60606,left
141,4542.60606,4154.181818,5205.60606,5275.666666,3764.212121,4858.90909,5206.121212,4795.030303,4490.060606,4121.212121,4719.30303,3263.484848,3255.242424,2174.454545,left
142,4542.60606,4154.181818,5205.60606,5275.666666,3764.212121,4858.90909,5206.121212,4795.030303,4490.060606,4121.212121,4719.30303,3263.484848,3255.242424,2174.454545,left
143,4542.60606,4154.181818,5205.60606,5275.666666,3764.212121,4858.90909,5206.121212,4795.030303,4490.060606,4121.212121,4719.30303,3263.484848,3255.242424,2174.454545,left
144,4155.212121,5567.242424,2313.545454,4466.363636,5186.545454,5560.030302,4224.757575,3854.363636,4461.212121,4252.060606,4093.393939,450.2424242,4146.969697,3291.818181,left
145,4155.212121,5567.242424,2313.545454,4466.363636,5186.545454,5560.030302,4224.757575,3854.363636,4461.212121,4252.060606,4093.393939,450.2424242,4146.969697,3291.818181,left
146,3765.757575,5121.121212,2901.848485,4456.060606,5115.454545,5370.454545,4344.787878,3039.393939,4206.727272,4033.121212,3839.424242,808.2727272,3967.696969,2975,left
147,3980.060606,5140.696969,2420.181818,4455.030303,4930.515151,5251.969696,4373.121212,2571.121212,4088.242424,3782.757575,3879.60606,1260.575757,4141.818181,4305.636363,left
148,4542.60606,5415.787878,2297.060606,4829.030303,4343.242424,5050.545454,4641,2487.666666,4151.090909,3763.696969,4750.212121,1551.121212,4441.636363,5583.212121,left
149,4680.666666,5210.757575,3017.242424,4988.727272,4038.787878,4881.060606,5169.030303,2133.242424,4140.272727,3900.212121,4939.787878,3014.151515,4313.878787,5804.727272,left
150,4680.666666,5210.757575,3017.242424,4988.727272,4038.787878,4881.060606,5169.030303,2133.242424,4140.272727,3900.212121,4939.787878,3014.151515,4313.878787,5804.727272,left
151,4285.545454,4697.666666,3260.393939,4454,3574.121212,4650.787878,3656.030303,6803.60606,4668.30303,4644.60606,4458.121212,5974.727272,4540.545454,6261.151515,left
152,3831.181818,4568.878787,2891.545454,3987.787878,3393.30303,4629.151515,3827.060606,6443.515151,4665.727272,4499.848484,3888.878787,7855.545454,4384.969697,6628.969696,left
153,3831.181818,4568.878787,2891.545454,3987.787878,3393.30303,4629.151515,3827.060606,6443.515151,4665.727272,4499.848484,3888.878787,7855.545454,4384.969697,6628.969696,left
154,4163.454545,4884.666666,7205.424242,4967.60606,3583.909091,3499.939394,4077.939394,5226.727272,4561.151515,4325.212121,4447.30303,4740.939393,3670.454545,2535.575757,left
155,5136.575757,3555.060606,6845.848484,5887.151515,3305.727272,3736.393939,4552.393939,4701.787878,4388.575757,4030.030303,4860.969696,6194.181818,3396.393939,993.2121211,left
156,5136.575757,3555.060606,6845.848484,5887.151515,3305.727272,3736.393939,4552.393939,4701.787878,4388.575757,4030.030303,4860.969696,6194.181818,3396.393939,993.2121211,left
157,3226.909091,4703.333333,2718.454545,4765.666666,4972.242424,6037.575757,5668.212121,4847.575757,4727.030303,4195.90909,4917.121212,1557.30303,3354.151515,1805.60606,left
158,3226.909091,4703.333333,2718.454545,4765.666666,4972.242424,6037.575757,5668.212121,4847.575757,4727.030303,4195.90909,4917.121212,1557.30303,3354.151515,1805.60606,left
159,2526.818182,5230.333333,2894.636363,3840.969697,5016.545454,6280.212121,5504.393939,4284,4775.454545,4427.727272,4440.60606,1174.545454,3667.363636,363.6969697,left
160,2526.818182,5230.333333,2894.636363,3840.969697,5016.545454,6280.212121,5504.393939,4284,4775.454545,4427.727272,4440.60606,1174.545454,3667.363636,363.6969697,left
161,4202.60606,5699.636363,291.060606,4988.212121,4763.60606,4670.878787,3355.181818,2213.090909,4127.90909,4121.212121,3872.393939,270.9696969,4483.878787,6138.545454,left
162,4202.60606,5699.636363,291.060606,4988.212121,4763.60606,4670.878787,3355.181818,2213.090909,4127.90909,4121.212121,3872.393939,270.9696969,4483.878787,6138.545454,left
163,4202.60606,5699.636363,291.060606,4988.212121,4763.60606,4670.878787,3355.181818,2213.090909,4127.90909,4121.212121,3872.393939,270.9696969,4483.878787,6138.545454,left
164,4202.60606,5699.636363,291.060606,4988.212121,4763.60606,4670.878787,3355.181818,2213.090909,4127.90909,4121.212121,3872.393939,270.9696969,4483.878787,6138.545454,left
165,5261.757575,4687.363636,5735.181818,4683.757575,3568.969697,4052.696969,3291.818181,7013.272727,4232.484848,4445.242424,3074.424242,6537.272727,4013.545454,4804.30303,left
166,4009.939394,5481.212121,4709,3598.848484,3849.727272,6002.545454,6558.90909,6139.060605,4716.212121,4354.060606,4653.878787,3176.424242,3803.363636,4547.242424,left
167,5631.121212,4019.212121,6842.757575,5965.969696,3853.848484,4066.090909,2977.575757,5986.575757,4904.242424,4277.818181,4664.696969,4659.030303,3146.030303,166.9090909,left
168,4681.181818,3652.424242,7861.727272,5742.90909,3623.060606,2992,3922.363636,5466.787878,4741.454545,4180.969697,5108.757575,5085.060606,3138.818182,842.2727272,left
169,4681.181818,3652.424242,7861.727272,5742.90909,3623.060606,2992,3922.363636,5466.787878,4741.454545,4180.969697,5108.757575,5085.060606,3138.818182,842.2727272,left
170,3569.484848,3460.787878,7058.090908,5483.272727,3468.515151,3612.242424,5618.242424,4741.969696,4538.484848,4083.60606,5620.30303,4003.757575,3163.030303,1896.787879,left
171,3796.666666,3835.30303,4786.787878,4840.878787,3764.212121,4327.787878,4595.151515,5751.666666,4601.848484,4328.30303,5009.848484,4165,3309.333333,885.5454545,left
172,3205.272727,5194.272727,2165.696969,3849.212121,4566.818181,5314.30303,3938.333333,4920.727272,4686.848484,4356.636363,4539.515151,2769.969697,3837.878787,1949.848485,left
173,3205.272727,5194.272727,2165.696969,3849.212121,4566.818181,5314.30303,3938.333333,4920.727272,4686.848484,4356.636363,4539.515151,2769.969697,3837.878787,1949.848485,left
174,3205.272727,5194.272727,2165.696969,3849.212121,4566.818181,5314.30303,3938.333333,4920.727272,4686.848484,4356.636363,4539.515151,2769.969697,3837.878787,1949.848485,left
175,3822.939394,5238.575757,1283.757576,4076.393939,4965.545454,4244.848484,5746.515151,3202.181818,4365.90909,4233.515151,3861.575757,1144.151515,4270.090909,3699.30303,left
176,4641.515151,5261.757575,1251.818182,5275.151515,4219.090909,3930.60606,3834.272727,1847.848485,4016.121212,3907.424242,4254.636363,2299.121212,4767.212121,7978.666666,left
177,5139.151515,5471.939393,1429.545454,5250.424242,4182.515151,4005.818181,2513.939394,2296.545454,3976.454545,3989.333333,4329.848484,3702.393939,4794,7937.454545,left
178,5139.151515,5471.939393,1429.545454,5250.424242,4182.515151,4005.818181,2513.939394,2296.545454,3976.454545,3989.333333,4329.848484,3702.393939,4794,7937.454545,left
179,5139.151515,5471.939393,1429.545454,5250.424242,4182.515151,4005.818181,2513.939394,2296.545454,3976.454545,3989.333333,4329.848484,3702.393939,4794,7937.454545,left
180,4576.090909,5548.181818,5046.939393,4235.575757,3771.424242,6941.666666,5358.60606,5576.515151,4661.090909,4160.878787,4703.333333,3188.272727,3854.363636,4647.181818,left
181,4576.090909,5548.181818,5046.939393,4235.575757,3771.424242,6941.666666,5358.60606,5576.515151,4661.090909,4160.878787,4703.333333,3188.272727,3854.363636,4647.181818,left
182,5045.90909,4282.454545,7425.90909,5352.424242,3782.242424,4917.636363,4325.212121,5274.121212,4750.727272,4259.787878,4903.212121,4795.030303,3390.212121,719.6666666,left
183,5415.272727,3573.090909,6225.090908,5462.151515,3333.545454,4481.30303,5467.818181,4979.969696,4572.484848,3964.60606,4850.666666,4968.636363,3440.696969,1827.757576,left
184,5415.272727,3573.090909,6225.090908,5462.151515,3333.545454,4481.30303,5467.818181,4979.969696,4572.484848,3964.60606,4850.666666,4968.636363,3440.696969,1827.757576,left
185,2738.545454,4024.363636,4934.121212,4815.121212,3642.636363,5231.363636,5910.333333,5497.181818,4629.666666,4436.484848,5343.151515,4588.969697,3329.939394,1692.787879,left
186,2738.545454,4024.363636,4934.121212,4815.121212,3642.636363,5231.363636,5910.333333,5497.181818,4629.666666,4436.484848,5343.151515,4588.969697,3329.939394,1692.787879,left
187,2738.545454,4024.363636,4934.121212,4815.121212,3642.636363,5231.363636,5910.333333,5497.181818,4629.666666,4436.484848,5343.151515,4588.969697,3329.939394,1692.787879,left
188,3500.969697,4497.272727,5129.363636,5067.030303,3895.060606,4505.515151,4297.393939,4745.575757,4534.363636,4134.090909,4774.939393,5580.636363,3179,2918.333333,left
189,4509.636363,5390.545454,2627.787879,4556,4849.636363,5298.848484,5029.939393,4986.151515,4678.60606,4353.030303,4112.454545,1050.393939,3699.818181,1018.454545,left
190,4509.636363,5390.545454,2627.787879,4556,4849.636363,5298.848484,5029.939393,4986.151515,4678.60606,4353.030303,4112.454545,1050.393939,3699.818181,1018.454545,left
191,4509.636363,5390.545454,2627.787879,4556,4849.636363,5298.848484,5029.939393,4986.151515,4678.60606,4353.030303,4112.454545,1050.393939,3699.818181,1018.454545,left
192,4509.636363,5390.545454,2627.787879,4556,4849.636363,5298.848484,5029.939393,4986.151515,4678.60606,4353.030303,4112.454545,1050.393939,3699.818181,1018.454545,left
193,3499.939394,5067.545454,1913.272727,4099.060606,5302.454545,4943.393939,3784.818181,3450.484848,4403.515151,4153.666666,3856.939394,557.9090909,4294.818181,3620.484848,left
194,3499.939394,5067.545454,1913.272727,4099.060606,5302.454545,4943.393939,3784.818181,3450.484848,4403.515151,4153.666666,3856.939394,557.9090909,4294.818181,3620.484848,left
195,5127.818181,5664.60606,2897.727272,5443.090909,4154.696969,3677.151515,3498.909091,1786.030303,3880.636363,3915.151515,4376.212121,2458.818182,4361.787878,6830.90909,left
196,5802.666666,5687.272727,3889.393939,5592.999999,3933.181818,3790.484848,3276.363636,2185.787879,3958.939394,4066.60606,4122.242424,3198.060606,4397.848484,7194.090908,left
197,6751.575757,5030.969696,4883.121212,5654.818181,3966.666666,4043.939394,3315,6342.030302,4227.848484,4157.787878,3395.363636,1003.515151,4194.363636,4906.818181,left
198,2929.666666,4214.969697,3829.121212,3890.424242,3367.030303,5032.515151,5540.454545,6340.999999,4628.121212,4773.393939,3911.030303,8360.90909,3936.272727,6379.636363,left
199,2929.666666,4214.969697,3829.121212,3890.424242,3367.030303,5032.515151,5540.454545,6340.999999,4628.121212,4773.393939,3911.030303,8360.90909,3936.272727,6379.636363,left
200,5480.696969,3066.696969,7986.90909,6622.787878,3226.393939,3167.666666,3789.454545,5004.696969,4563.727272,4133.575757,5002.121212,7147.727272,3325.818181,95.81818181,left
201,5480.696969,3066.696969,7986.90909,6622.787878,3226.393939,3167.666666,3789.454545,5004.696969,4563.727272,4133.575757,5002.121212,7147.727272,3325.818181,95.81818181,left
202,4353.545454,4807.393939,3957.393939,4740.424242,4055.787878,4658.515151,4272.666666,4433.393939,4407.636363,4171.696969,4425.151515,3820.878787,3936.272727,4343.757575,lite
203,4354.060606,4806.363636,3957.909091,4742.484848,4057.333333,4655.424242,4271.636363,4431.848484,4407.121212,4171.181818,4432.878787,3830.666666,3937.818181,4356.636363,lite
204,4354.060606,4806.363636,3957.909091,4742.484848,4057.333333,4655.424242,4271.636363,4431.848484,4407.121212,4171.181818,4432.878787,3830.666666,3937.818181,4356.636363,lite
205,4353.030303,4807.393939,3957.393939,4743,4057.333333,4659.030303,4275.757575,4433.393939,4409.181818,4171.696969,4428.242424,3824.484848,3932.666666,4345.818181,lite
206,4353.030303,4807.393939,3957.393939,4743,4057.333333,4659.030303,4275.757575,4433.393939,4409.181818,4171.696969,4428.242424,3824.484848,3932.666666,4345.818181,lite
207,4353.545454,4806.363636,3957.909091,4744.030303,4057.848484,4659.030303,4277.30303,4431.848484,4407.121212,4173.242424,4429.787878,3826.030303,3933.696969,4352,lite
208,4353.545454,4806.363636,3957.909091,4744.030303,4057.848484,4659.030303,4277.30303,4431.848484,4407.121212,4173.242424,4429.787878,3826.030303,3933.696969,4352,lite
209,4353.545454,4806.363636,3957.909091,4744.030303,4057.848484,4659.030303,4277.30303,4431.848484,4407.121212,4173.242424,4429.787878,3826.030303,3933.696969,4352,lite
210,4353.545454,4807.90909,3954.818181,4744.030303,4061.454545,4662.121212,4276.272727,4435.969697,4408.151515,4170.151515,4426.181818,3822.939394,3930.60606,4343.757575,lite
211,4354.060606,4808.424242,3956.878787,4743,4056.818181,4656.454545,4269.060606,4434.424242,4410.727272,4170.151515,4430.30303,3828.090909,3934.212121,4355.090909,lite
212,4355.090909,4805.848484,3961,4739.90909,4054.242424,4656.969697,4276.272727,4432.878787,4409.696969,4171.696969,4432.878787,3826.030303,3941.424242,4365.393939,lite
213,4355.090909,4802.757575,3957.909091,4742.484848,4053.727272,4655.424242,4266.484848,4433.393939,4409.181818,4171.696969,4434.939393,3826.545454,3939.363636,4365.90909,lite
214,4357.666666,4804.30303,3957.393939,4742.484848,4056.30303,4651.818181,4269.575757,4431.848484,4407.636363,4171.696969,4434.424242,3833.242424,3938.333333,4380.333333,lite
215,4358.181818,4804.818181,3961,4739.90909,4053.212121,4650.272727,4263.90909,4427.212121,4407.121212,4170.151515,4439.575757,3834.272727,3945.030303,4389.60606,lite
216,4356.121212,4805.333333,3956.878787,4741.969696,4053.212121,4653.363636,4265.969697,4430.30303,4408.666666,4173.242424,4440.60606,3837.363636,3945.545454,4383.424242,lite
217,4356.121212,4807.393939,3954.30303,4741.969696,4055.272727,4652.333333,4269.575757,4433.393939,4407.121212,4174.787878,4434.939393,3830.666666,3937.818181,4376.212121,lite
218,4356.121212,4807.393939,3954.30303,4741.969696,4055.272727,4652.333333,4269.575757,4433.393939,4407.121212,4174.787878,4434.939393,3830.666666,3937.818181,4376.212121,lite
219,4355.090909,4804.818181,3958.424242,4740.939393,4051.666666,4652.848484,4265.454545,4425.666666,4409.696969,4175.30303,4437.515151,3835.818181,3945.545454,4375.696969,lite
220,4355.090909,4804.818181,3958.424242,4740.939393,4051.666666,4652.848484,4265.454545,4425.666666,4409.696969,4175.30303,4437.515151,3835.818181,3945.545454,4375.696969,lite
221,4356.636363,4805.848484,3961,4739.90909,4055.787878,4655.424242,4272.151515,4431.848484,4408.666666,4172.727272,4436.484848,3829.121212,3938.848484,4366.939394,lite
222,4356.636363,4805.848484,3961,4739.90909,4055.787878,4655.424242,4272.151515,4431.848484,4408.666666,4172.727272,4436.484848,3829.121212,3938.848484,4366.939394,lite
223,4357.666666,4804.818181,3954.30303,4738.878787,4058.363636,4656.969697,4272.151515,4434.939393,4407.636363,4171.696969,4433.90909,3825,3934.727272,4359.212121,lite
224,4358.181818,4805.333333,3951.212121,4743,4056.818181,4654.90909,4269.575757,4434.424242,4406.60606,4170.666666,4431.848484,3824.484848,3934.727272,4355.090909,lite
225,4354.060606,4806.878787,3953.787878,4743.515151,4056.818181,4658.515151,4275.757575,4432.363636,4408.151515,4171.696969,4433.393939,3827.060606,3934.727272,4364.878787,lite
226,4354.060606,4806.878787,3953.787878,4743.515151,4056.818181,4658.515151,4275.757575,4432.363636,4408.151515,4171.696969,4433.393939,3827.060606,3934.727272,4364.878787,lite
227,4354.060606,4806.878787,3953.787878,4743.515151,4056.818181,4658.515151,4275.757575,4432.363636,4408.151515,4171.696969,4433.393939,3827.060606,3934.727272,4364.878787,lite
228,4354.060606,4806.878787,3953.787878,4743.515151,4056.818181,4658.515151,4275.757575,4432.363636,4408.151515,4171.696969,4433.393939,3827.060606,3934.727272,4364.878787,lite
229,4356.121212,4805.848484,3956.878787,4744.030303,4056.30303,4658.515151,4273.181818,4431.333333,4407.636363,4172.212121,4431.333333,3828.090909,3942.969697,4361.272727,lite
230,4358.696969,4805.333333,3955.848484,4739.393939,4050.636363,4651.30303,4265.454545,4428.757575,4407.121212,4171.696969,4443.181818,3839.424242,3950.181818,4376.212121,lite
231,4358.696969,4805.333333,3955.848484,4739.393939,4050.636363,4651.30303,4265.454545,4428.757575,4407.121212,4171.696969,4443.181818,3839.424242,3950.181818,4376.212121,lite
232,4358.181818,4800.696969,3962.545454,4739.90909,4048.575757,4645.636363,4254.121212,4423.090909,4407.636363,4171.696969,4450.393939,3845.60606,3957.393939,4395.787878,lite
233,4352,4811.515151,3954.818181,4746.60606,4061.969697,4665.212121,4283.484848,4435.969697,4406.60606,4170.151515,4420.515151,3816.242424,3922.363636,4355.090909,lite
234,4352,4811.515151,3954.818181,4746.60606,4061.969697,4665.212121,4283.484848,4435.969697,4406.60606,4170.151515,4420.515151,3816.242424,3922.363636,4355.090909,lite
235,4355.090909,4811.515151,3954.30303,4748.151515,4060.939394,4660.575757,4275.757575,4433.393939,4406.60606,4172.212121,4425.666666,3823.969697,3924.424242,4363.848484,lite
236,4355.090909,4811.515151,3954.30303,4748.151515,4060.939394,4660.575757,4275.757575,4433.393939,4406.60606,4172.212121,4425.666666,3823.969697,3924.424242,4363.848484,lite
237,4356.121212,4801.212121,3953.272727,4743,4052.696969,4652.848484,4265.969697,4432.878787,4406.60606,4171.696969,4431.333333,3829.636363,3937.818181,4383.424242,lite
238,4356.121212,4801.212121,3953.272727,4743,4052.696969,4652.848484,4265.969697,4432.878787,4406.60606,4171.696969,4431.333333,3829.636363,3937.818181,4383.424242,lite
239,4356.121212,4801.212121,3953.272727,4743,4052.696969,4652.848484,4265.969697,4432.878787,4406.60606,4171.696969,4431.333333,3829.636363,3937.818181,4383.424242,lite
240,4356.121212,4801.212121,3953.272727,4743,4052.696969,4652.848484,4265.969697,4432.878787,4406.60606,4171.696969,4431.333333,3829.636363,3937.818181,4383.424242,lite
241,4353.545454,4808.939393,3957.393939,4744.030303,4055.787878,4659.030303,4270.60606,4430.818181,4410.212121,4171.181818,4430.818181,3827.060606,3931.636363,4373.121212,lite
242,4354.060606,4806.878787,3957.909091,4742.484848,4053.727272,4654.90909,4266.484848,4428.242424,4407.636363,4172.727272,4439.060606,3831.696969,3939.363636,4388.575757,lite
243,4356.636363,4805.848484,3956.363636,4743.515151,4049.60606,4654.393939,4271.121212,4431.333333,4408.151515,4170.151515,4432.878787,3823.969697,3937.818181,4373.636363,lite
244,4352,4807.393939,3957.909091,4741.969696,4055.787878,4656.454545,4268.545454,4432.363636,4406.60606,4170.666666,4435.969697,3829.121212,3936.787878,4379.30303,lite
245,4355.60606,4805.848484,3953.787878,4744.545454,4057.333333,4656.969697,4275.242424,4432.363636,4410.212121,4170.666666,4425.666666,3824.484848,3932.151515,4371.060606,lite
246,4357.151515,4808.424242,3955.848484,4743,4056.818181,4658,4272.666666,4430.818181,4408.151515,4170.151515,4428.757575,3829.636363,3935.757575,4374.151515,lite
247,4357.151515,4808.424242,3955.848484,4743,4056.818181,4658,4272.666666,4430.818181,4408.151515,4170.151515,4428.757575,3829.636363,3935.757575,4374.151515,lite
248,4357.151515,4808.424242,3955.848484,4743,4056.818181,4658,4272.666666,4430.818181,4408.151515,4170.151515,4428.757575,3829.636363,3935.757575,4374.151515,lite
249,4352.515151,4808.939393,3956.363636,4741.454545,4059.909091,4660.575757,4270.60606,4432.363636,4406.090909,4172.212121,4429.787878,3822.424242,3938.333333,4373.636363,lite
250,4352.515151,4808.939393,3956.363636,4741.454545,4059.909091,4660.575757,4270.60606,4432.363636,4406.090909,4172.212121,4429.787878,3822.424242,3938.333333,4373.636363,lite
251,4352.515151,4808.939393,3956.363636,4741.454545,4059.909091,4660.575757,4270.60606,4432.363636,4406.090909,4172.212121,4429.787878,3822.424242,3938.333333,4373.636363,lite
252,4352.515151,4808.939393,3956.363636,4741.454545,4059.909091,4660.575757,4270.60606,4432.363636,4406.090909,4172.212121,4429.787878,3822.424242,3938.333333,4373.636363,lite
253,4354.575757,4805.848484,3954.30303,4742.484848,4059.393939,4654.90909,4272.666666,4433.90909,4406.60606,4172.727272,4433.90909,3828.090909,3938.333333,4378.787878,lite
254,4355.090909,4809.969696,3957.393939,4744.030303,4057.333333,4662.121212,4274.727272,4431.848484,4407.121212,4164.484848,4428.757575,3827.575757,3932.666666,4370.030303,lite
255,4355.090909,4809.969696,3957.393939,4744.030303,4057.333333,4662.121212,4274.727272,4431.848484,4407.121212,4164.484848,4428.757575,3827.575757,3932.666666,4370.030303,lite
256,4355.090909,4809.969696,3957.393939,4744.030303,4057.333333,4662.121212,4274.727272,4431.848484,4407.121212,4164.484848,4428.757575,3827.575757,3932.666666,4370.030303,lite
257,4356.636363,4806.363636,3958.424242,4744.030303,4054.242424,4652.848484,4268.545454,4430.818181,4409.181818,4173.757575,4432.878787,3826.545454,3933.696969,4373.636363,lite
258,4356.636363,4806.363636,3958.424242,4744.030303,4054.242424,4652.848484,4268.545454,4430.818181,4409.181818,4173.757575,4432.878787,3826.545454,3933.696969,4373.636363,lite
259,4356.636363,4806.363636,3958.424242,4744.030303,4054.242424,4652.848484,4268.545454,4430.818181,4409.181818,4173.757575,4432.878787,3826.545454,3933.696969,4373.636363,lite
260,4355.60606,4803.787878,3957.909091,4743.515151,4054.242424,4658,4269.060606,4431.848484,4407.636363,4170.666666,4433.90909,3829.121212,3933.181818,4375.181818,lite
261,4353.545454,4806.878787,3954.818181,4744.545454,4056.818181,4654.90909,4268.030303,4429.787878,4405.060606,4171.181818,4433.90909,3826.030303,3937.30303,4382.393939,lite
262,4355.60606,4809.969696,3958.939394,4741.969696,4056.818181,4657.484848,4271.636363,4429.787878,4409.181818,4171.181818,4428.757575,3827.575757,3937.30303,4375.696969,lite
263,4355.090909,4807.393939,3955.333333,4743,4056.818181,4658,4270.090909,4431.333333,4407.636363,4171.181818,4434.424242,3827.575757,3934.212121,4373.121212,lite
264,4355.090909,4807.393939,3955.333333,4743,4056.818181,4658,4270.090909,4431.333333,4407.636363,4171.181818,4434.424242,3827.575757,3934.212121,4373.121212,lite
265,4354.060606,4806.878787,3955.848484,4743,4053.727272,4656.454545,4268.030303,4431.333333,4407.121212,4172.212121,4432.363636,3825.515151,3936.787878,4381.363636,lite
266,4353.545454,4806.878787,3957.393939,4744.545454,4054.757575,4656.454545,4269.060606,4432.363636,4408.666666,4169.636363,4433.393939,3829.636363,3933.181818,4376.727272,lite
267,4353.545454,4806.878787,3957.393939,4744.545454,4054.757575,4656.454545,4269.060606,4432.363636,4408.666666,4169.636363,4433.393939,3829.636363,3933.181818,4376.727272,lite
268,4355.090909,4807.393939,3957.393939,4745.060606,4055.272727,4651.30303,4265.969697,4431.848484,4407.121212,4171.181818,4431.848484,3827.575757,3936.787878,4375.181818,lite
269,4354.575757,4806.363636,3949.666666,4747.121212,4059.909091,4662.121212,4277.818181,4434.424242,4409.696969,4168.60606,4425.666666,3822.424242,3935.757575,4374.666666,lite
270,4356.121212,4807.393939,3956.878787,4743,4052.181818,4654.393939,4264.424242,4431.848484,4407.121212,4171.181818,4434.939393,3831.696969,3936.787878,4377.242424,lite
271,4355.090909,4804.30303,3957.393939,4738.878787,4052.696969,4655.939393,4273.181818,4429.787878,4409.696969,4171.696969,4433.393939,3826.030303,3941.424242,4382.90909,lite
272,4355.090909,4804.30303,3957.393939,4738.878787,4052.696969,4655.939393,4273.181818,4429.787878,4409.696969,4171.696969,4433.393939,3826.030303,3941.424242,4382.90909,lite
273,4355.090909,4804.30303,3957.393939,4738.878787,4052.696969,4655.939393,4273.181818,4429.787878,4409.696969,4171.696969,4433.393939,3826.030303,3941.424242,4382.90909,lite
274,4350.454545,4806.363636,3954.818181,4742.484848,4052.696969,4656.969697,4276.787878,4431.848484,4409.696969,4171.696969,4431.848484,3825.515151,3939.363636,4378.272727,lite
275,4350.454545,4806.363636,3954.818181,4742.484848,4052.696969,4656.969697,4276.787878,4431.848484,4409.696969,4171.696969,4431.848484,3825.515151,3939.363636,4378.272727,lite
276,4350.454545,4806.363636,3954.818181,4742.484848,4052.696969,4656.969697,4276.787878,4431.848484,4409.696969,4171.696969,4431.848484,3825.515151,3939.363636,4378.272727,lite
277,4350.454545,4806.363636,3954.818181,4742.484848,4052.696969,4656.969697,4276.787878,4431.848484,4409.696969,4171.696969,4431.848484,3825.515151,3939.363636,4378.272727,lite
278,4355.090909,4804.30303,3955.848484,4746.090909,4056.818181,4655.424242,4269.575757,4431.848484,4406.090909,4169.636363,4437.515151,3830.151515,3938.333333,4381.363636,lite
279,4355.090909,4807.90909,3954.30303,4745.060606,4056.30303,4659.030303,4274.212121,4431.848484,4408.666666,4174.272727,4426.181818,3821.909091,3934.727272,4371.060606,lite
280,4356.121212,4806.363636,3956.363636,4746.60606,4058.363636,4657.484848,4269.575757,4428.757575,4410.212121,4169.121212,4430.30303,3828.090909,3933.696969,4376.727272,lite
281,4354.575757,4805.848484,3955.333333,4742.484848,4053.212121,4653.363636,4270.60606,4429.272727,4408.151515,4167.575757,4436.484848,3828.090909,3939.878787,4382.393939,lite
282,4357.151515,4803.272727,3957.393939,4740.424242,4052.181818,4652.333333,4264.424242,4429.787878,4408.151515,4170.666666,4436.484848,3830.666666,3942.454545,4385.484848,lite
283,4352,4807.90909,3956.363636,4744.545454,4059.393939,4657.484848,4273.696969,4434.424242,4409.696969,4169.636363,4430.818181,3827.060606,3938.333333,4378.272727,lite
284,4351.484848,4805.848484,3955.848484,4745.060606,4055.787878,4659.030303,4269.060606,4428.757575,4408.666666,4170.151515,4433.393939,3831.696969,3936.787878,4375.696969,lite
285,4353.030303,4804.30303,3956.363636,4741.454545,4053.212121,4652.848484,4264.424242,4426.696969,4407.636363,4171.696969,4438.030303,3831.696969,3945.545454,4383.424242,lite
286,4353.030303,4804.30303,3956.363636,4741.454545,4053.212121,4652.848484,4264.424242,4426.696969,4407.636363,4171.696969,4438.030303,3831.696969,3945.545454,4383.424242,lite
287,4356.636363,4807.393939,3956.363636,4744.030303,4055.272727,4658,4271.121212,4427.727272,4408.151515,4169.636363,4436.484848,3829.636363,3937.30303,4381.363636,lite
288,4351.484848,4807.393939,3954.818181,4742.484848,4056.30303,4660.575757,4273.696969,4429.787878,4409.696969,4169.636363,4433.90909,3829.121212,3933.181818,4380.333333,lite
289,4357.151515,4804.30303,3959.969697,4741.454545,4051.151515,4650.787878,4267,4428.242424,4408.666666,4172.727272,4437.515151,3833.242424,3944,4383.424242,lite
290,4354.575757,4808.939393,3957.909091,4744.545454,4058.878787,4659.030303,4275.757575,4434.424242,4411.757575,4171.181818,4432.878787,3827.060606,3934.212121,4376.212121,lite
291,4354.060606,4807.393939,3955.848484,4745.060606,4057.333333,4660.575757,4271.121212,4431.848484,4405.575757,4171.696969,4431.848484,3826.545454,3931.121212,4379.818181,lite
292,4355.090909,4807.393939,3958.939394,4745.060606,4060.939394,4657.484848,4269.060606,4431.333333,4408.151515,4172.727272,4434.424242,3828.60606,3935.757575,4381.878787,lite
293,4355.090909,4806.878787,3956.363636,4745.575757,4059.393939,4655.424242,4273.181818,4431.333333,4407.636363,4172.212121,4430.818181,3828.60606,3934.212121,4374.666666,lite
294,4355.090909,4806.878787,3956.363636,4745.575757,4059.393939,4655.424242,4273.181818,4431.333333,4407.636363,4172.212121,4430.818181,3828.60606,3934.212121,4374.666666,lite
295,4354.060606,4808.939393,3954.818181,4746.60606,4059.909091,4658.515151,4273.181818,4434.939393,4408.151515,4169.636363,4430.30303,3822.424242,3932.666666,4366.939394,lite
296,4355.090909,4808.424242,3954.30303,4744.545454,4058.363636,4660.060606,4270.090909,4431.848484,4408.666666,4168.60606,4427.212121,3822.939394,3931.636363,4370.545454,lite
297,4356.636363,4806.878787,3955.333333,4743,4054.757575,4656.969697,4269.060606,4432.878787,4410.727272,4171.181818,4433.90909,3828.60606,3939.363636,4378.272727,lite
298,4356.636363,4806.878787,3955.333333,4743,4054.757575,4656.969697,4269.060606,4432.878787,4410.727272,4171.181818,4433.90909,3828.60606,3939.363636,4378.272727,lite
299,4350.969697,4807.90909,3953.787878,4743,4060.939394,4659.030303,4271.636363,4429.787878,4406.090909,4168.090909,4435.454545,3828.090909,3942.454545,4380.848484,lite
300,4355.090909,4803.787878,3956.363636,4739.393939,4054.757575,4653.363636,4267.515151,4433.393939,4408.666666,4170.666666,4435.969697,3829.636363,3942.454545,4383.939394,lite
301,4355.60606,4807.393939,3956.878787,4743,4058.878787,4655.424242,4271.636363,4431.333333,4407.636363,4169.636363,4431.848484,3828.60606,3937.30303,4377.242424,lite
302,4352.515151,4801.212121,3955.848484,4742.484848,4054.757575,4653.878787,4266.484848,4429.272727,4407.121212,4169.121212,4438.030303,3832.727272,3944.515151,4386,lite
303,4352.515151,4801.212121,3955.848484,4742.484848,4054.757575,4653.878787,4266.484848,4429.272727,4407.121212,4169.121212,4438.030303,3832.727272,3944.515151,4386,lite
304,4359.727272,4806.363636,3955.333333,4742.484848,4053.212121,4655.939393,4267,4431.333333,4404.545454,4168.60606,4438.030303,3833.242424,3941.939394,4379.818181,lite
305,4359.727272,4806.363636,3955.333333,4742.484848,4053.212121,4655.939393,4267,4431.333333,4404.545454,4168.60606,4438.030303,3833.242424,3941.939394,4379.818181,lite
306,4357.666666,4807.393939,3956.363636,4742.484848,4057.848484,4660.060606,4272.666666,4440.090909,4406.090909,4167.060606,4428.757575,3821.393939,3932.151515,4368.484848,lite
307,4357.151515,4803.787878,3956.878787,4746.090909,4054.242424,4651.818181,4268.545454,4428.757575,4407.636363,4173.757575,4434.424242,3830.151515,3940.909091,4381.878787,lite
308,4357.666666,4805.333333,3953.787878,4742.484848,4056.30303,4653.878787,4270.090909,4435.454545,4408.151515,4170.151515,4427.212121,3825,3936.787878,4377.242424,lite
309,4353.545454,4806.363636,3955.848484,4741.454545,4058.878787,4659.030303,4272.666666,4431.333333,4409.181818,4170.151515,4431.333333,3828.60606,3933.181818,4377.242424,lite
310,4351.484848,4808.424242,3954.818181,4745.575757,4057.848484,4661.60606,4275.757575,4435.969697,4406.60606,4172.212121,4428.242424,3818.818181,3934.212121,4372.090909,lite
311,4351.484848,4808.424242,3954.818181,4745.575757,4057.848484,4661.60606,4275.757575,4435.969697,4406.60606,4172.212121,4428.242424,3818.818181,3934.212121,4372.090909,lite
312,4351.484848,4808.424242,3956.363636,4745.575757,4056.30303,4658,4273.181818,4433.90909,4406.090909,4169.636363,4434.939393,3823.969697,3935.242424,4375.696969,lite
313,4352.515151,4810.484848,3953.272727,4748.151515,4067.121212,4664.696969,4282.454545,4438.030303,4410.212121,4172.212121,4418.969697,3813.151515,3917.727272,4358.696969,lite
314,4355.60606,4813.060606,3952.242424,4744.030303,4064.545454,4660.060606,4276.272727,4436.484848,4407.636363,4172.727272,4425.666666,3818.818181,3928.545454,4363.848484,lite
315,4355.60606,4813.060606,3952.242424,4744.030303,4064.545454,4660.060606,4276.272727,4436.484848,4407.636363,4172.727272,4425.666666,3818.818181,3928.545454,4363.848484,lite
316,4352,4807.90909,3952.757575,4746.090909,4059.393939,4660.060606,4276.272727,4435.454545,4408.151515,4168.090909,4428.757575,3824.484848,3930.090909,4374.666666,lite
317,4352,4807.90909,3952.757575,4746.090909,4059.393939,4660.060606,4276.272727,4435.454545,4408.151515,4168.090909,4428.757575,3824.484848,3930.090909,4374.666666,lite
318,4352,4807.90909,3952.757575,4746.090909,4059.393939,4660.060606,4276.272727,4435.454545,4408.151515,4168.090909,4428.757575,3824.484848,3930.090909,4374.666666,lite
319,4351.484848,4808.424242,3957.393939,4748.151515,4061.969697,4659.030303,4279.363636,4434.424242,4407.636363,4167.060606,4424.121212,3818.30303,3925.454545,4366.939394,lite
320,4351.484848,4808.424242,3957.393939,4748.151515,4061.969697,4659.030303,4279.363636,4434.424242,4407.636363,4167.060606,4424.121212,3818.30303,3925.454545,4366.939394,lite
321,4351.484848,4808.424242,3957.393939,4748.151515,4061.969697,4659.030303,4279.363636,4434.424242,4407.636363,4167.060606,4424.121212,3818.30303,3925.454545,4366.939394,lite
322,4351.484848,4808.424242,3957.393939,4748.151515,4061.969697,4659.030303,4279.363636,4434.424242,4407.636363,4167.060606,4424.121212,3818.30303,3925.454545,4366.939394,lite
323,4353.030303,4809.969696,3956.878787,4745.060606,4061.454545,4662.636363,4281.424242,4435.969697,4408.151515,4168.60606,4423.60606,3820.878787,3930.090909,4365.393939,lite
324,4353.030303,4809.969696,3956.878787,4745.060606,4061.454545,4662.636363,4281.424242,4435.969697,4408.151515,4168.60606,4423.60606,3820.878787,3930.090909,4365.393939,lite
325,4351.484848,4808.424242,3950.696969,4744.545454,4057.333333,4660.575757,4277.30303,4437.515151,4408.151515,4170.151515,4424.121212,3812.636363,3927,4359.727272,lite
326,4350.969697,4808.424242,3956.363636,4743.515151,4055.272727,4658,4271.636363,4437,4409.696969,4171.181818,4427.727272,3819.848484,3930.60606,4367.454545,lite
327,4350.969697,4808.424242,3956.363636,4743.515151,4055.272727,4658,4271.636363,4437,4409.696969,4171.181818,4427.727272,3819.848484,3930.60606,4367.454545,lite
328,4352,4813.575757,3952.757575,4746.090909,4060.939394,4662.121212,4280.393939,4435.454545,4407.636363,4169.636363,4422.060606,3816.757575,3930.090909,4359.727272,lite
329,4348.90909,4811,3952.757575,4744.030303,4060.939394,4663.666666,4281.939394,4437,4410.727272,4169.121212,4421.030303,3817.272727,3923.393939,4362.818181,lite
330,4354.575757,4812.545454,3950.696969,4745.060606,4065.060606,4663.151515,4283.484848,4438.545454,4406.60606,4172.727272,4424.121212,3817.787878,3927.515151,4363.333333,lite
331,4354.060606,4804.30303,3955.848484,4743.515151,4054.242424,4661.090909,4274.727272,4429.272727,4409.181818,4166.030303,4433.90909,3828.090909,3940.909091,4380.848484,lite
332,4354.060606,4804.30303,3955.848484,4743.515151,4054.242424,4661.090909,4274.727272,4429.272727,4409.181818,4166.030303,4433.90909,3828.090909,3940.909091,4380.848484,lite
333,4354.060606,4804.30303,3955.848484,4743.515151,4054.242424,4661.090909,4274.727272,4429.272727,4409.181818,4166.030303,4433.90909,3828.090909,3940.909091,4380.848484,lite
334,4355.090909,4806.363636,3957.393939,4742.484848,4056.818181,4655.939393,4272.151515,4434.939393,4407.121212,4170.151515,4430.818181,3825,3936.787878,4374.666666,lite
335,4352.515151,4805.333333,3956.878787,4742.484848,4055.787878,4659.030303,4273.181818,4432.363636,4406.090909,4167.575757,4427.727272,3823.969697,3932.151515,4376.727272,lite
336,4352,4804.30303,3956.878787,4744.030303,4056.30303,4658,4272.666666,4433.90909,4406.60606,4170.151515,4432.878787,3827.060606,3940.393939,4380.848484,lite
337,4352,4804.30303,3956.878787,4744.030303,4056.30303,4658,4272.666666,4433.90909,4406.60606,4170.151515,4432.878787,3827.060606,3940.393939,4380.848484,lite
338,4352.515151,4804.30303,3957.909091,4741.969696,4056.30303,4658.515151,4269.575757,4435.969697,4407.636363,4169.636363,4433.393939,3827.575757,3935.242424,4380.333333,lite
339,4352.515151,4804.30303,3957.909091,4741.969696,4056.30303,4658.515151,4269.575757,4435.969697,4407.636363,4169.636363,4433.393939,3827.575757,3935.242424,4380.333333,lite
340,4356.121212,4806.878787,3957.393939,4743,4057.333333,4655.424242,4271.636363,4433.90909,4405.575757,4168.090909,4437,3830.151515,3938.333333,4377.757575,lite
341,4354.575757,4802.757575,3955.333333,4738.363636,4056.30303,4653.363636,4268.030303,4428.757575,4407.121212,4172.727272,4438.030303,3831.696969,3938.333333,4381.878787,lite
342,4354.575757,4802.757575,3955.333333,4738.363636,4056.30303,4653.363636,4268.030303,4428.757575,4407.121212,4172.727272,4438.030303,3831.696969,3938.333333,4381.878787,lite
343,4355.090909,4808.939393,3954.30303,4745.060606,4059.393939,4663.151515,4277.30303,4434.939393,4408.666666,4171.181818,4424.636363,3821.393939,3929.575757,4363.333333,lite
344,4355.090909,4808.939393,3954.30303,4745.060606,4059.393939,4663.151515,4277.30303,4434.939393,4408.666666,4171.181818,4424.636363,3821.393939,3929.575757,4363.333333,lite
345,4355.090909,4808.939393,3954.30303,4745.060606,4059.393939,4663.151515,4277.30303,4434.939393,4408.666666,4171.181818,4424.636363,3821.393939,3929.575757,4363.333333,lite
346,4354.575757,4805.333333,3955.848484,4745.575757,4057.848484,4660.060606,4271.121212,4431.848484,4407.636363,4169.636363,4433.393939,3826.545454,3937.818181,4378.272727,lite
347,4354.575757,4805.333333,3955.848484,4745.575757,4057.848484,4660.060606,4271.121212,4431.848484,4407.636363,4169.636363,4433.393939,3826.545454,3937.818181,4378.272727,lite
348,4354.575757,4805.333333,3955.848484,4745.575757,4057.848484,4660.060606,4271.121212,4431.848484,4407.636363,4169.636363,4433.393939,3826.545454,3937.818181,4378.272727,lite
349,4354.575757,4805.333333,3955.848484,4745.575757,4057.848484,4660.060606,4271.121212,4431.848484,4407.636363,4169.636363,4433.393939,3826.545454,3937.818181,4378.272727,lite
350,4354.575757,4805.333333,3955.848484,4745.575757,4057.848484,4660.060606,4271.121212,4431.848484,4407.636363,4169.636363,4433.393939,3826.545454,3937.818181,4378.272727,lite
351,4354.575757,4805.333333,3955.848484,4745.575757,4057.848484,4660.060606,4271.121212,4431.848484,4407.636363,4169.636363,4433.393939,3826.545454,3937.818181,4378.272727,lite
352,4352.515151,4807.393939,3956.878787,4743.515151,4055.787878,4653.878787,4271.636363,4432.878787,4409.181818,4171.696969,4429.272727,3823.969697,3933.181818,4368.484848,lite
353,4352.515151,4807.393939,3956.878787,4743.515151,4055.787878,4653.878787,4271.636363,4432.878787,4409.181818,4171.696969,4429.272727,3823.969697,3933.181818,4368.484848,lite
354,4354.060606,4807.90909,3956.363636,4744.545454,4057.333333,4656.969697,4271.636363,4433.393939,4409.181818,4167.060606,4434.424242,3824.484848,3937.818181,4371.575757,lite
355,4354.060606,4807.90909,3956.363636,4744.545454,4057.333333,4656.969697,4271.636363,4433.393939,4409.181818,4167.060606,4434.424242,3824.484848,3937.818181,4371.575757,lite
356,4354.575757,4808.939393,3953.787878,4746.090909,4058.878787,4661.090909,4275.757575,4432.878787,4406.60606,4169.121212,4424.636363,3820.878787,3932.151515,4364.363636,lite
357,4354.575757,4808.939393,3953.787878,4746.090909,4058.878787,4661.090909,4275.757575,4432.878787,4406.60606,4169.121212,4424.636363,3820.878787,3932.151515,4364.363636,lite
358,4354.575757,4808.939393,3953.787878,4746.090909,4058.878787,4661.090909,4275.757575,4432.878787,4406.60606,4169.121212,4424.636363,3820.878787,3932.151515,4364.363636,lite
359,4353.545454,4806.878787,3954.30303,4742.484848,4051.151515,4655.939393,4271.121212,4428.242424,4405.060606,4168.090909,4430.30303,3824.484848,3933.181818,4371.060606,lite
360,4358.696969,4804.818181,3957.909091,4740.939393,4057.333333,4656.454545,4269.575757,4431.848484,4411.757575,4169.636363,4432.363636,3827.575757,3939.878787,4379.30303,lite
361,4352.515151,4805.848484,3954.818181,4743.515151,4057.848484,4658.515151,4274.727272,4432.363636,4406.60606,4165.515151,4428.242424,3825,3936.272727,4375.181818,lite
362,4356.636363,4803.272727,3956.363636,4740.939393,4055.272727,4656.454545,4268.030303,4433.393939,4408.151515,4171.181818,4438.030303,3833.242424,3942.969697,4388.575757,lite
363,4354.575757,4805.848484,3954.30303,4744.545454,4055.272727,4659.545454,4276.787878,4434.939393,4407.636363,4171.181818,4429.272727,3820.878787,3934.727272,4374.151515,lite
364,4354.575757,4806.878787,3955.848484,4743,4058.363636,4659.545454,4273.181818,4431.333333,4408.151515,4170.151515,4432.878787,3826.030303,3934.727272,4376.727272,lite
365,4353.545454,4808.939393,3954.30303,4741.454545,4054.242424,4656.454545,4272.666666,4431.333333,4405.575757,4171.696969,4431.333333,3828.090909,3936.272727,4378.272727,lite
366,4354.060606,4806.878787,3956.878787,4744.030303,4058.363636,4656.454545,4270.090909,4430.818181,4407.636363,4172.212121,4429.787878,3826.030303,3931.121212,4372.60606,lite
367,4357.151515,4805.333333,3956.878787,4742.484848,4052.696969,4654.90909,4267.515151,4428.757575,4407.636363,4172.727272,4434.939393,3831.696969,3937.30303,4379.30303,lite
368,4357.151515,4805.333333,3956.878787,4742.484848,4052.696969,4654.90909,4267.515151,4428.757575,4407.636363,4172.727272,4434.939393,3831.696969,3937.30303,4379.30303,lite
369,4357.151515,4805.333333,3956.878787,4742.484848,4052.696969,4654.90909,4267.515151,4428.757575,4407.636363,4172.727272,4434.939393,3831.696969,3937.30303,4379.30303,lite
370,4354.575757,4806.363636,3957.909091,4743.515151,4054.757575,4653.363636,4270.60606,4431.333333,4408.151515,4169.636363,4434.939393,3831.181818,3937.818181,4380.333333,lite
371,4353.030303,4805.333333,3957.909091,4744.030303,4054.757575,4657.484848,4276.272727,4434.424242,4407.121212,4168.090909,4427.727272,3822.939394,3935.757575,4373.121212,lite
372,4353.030303,4805.333333,3957.909091,4744.030303,4054.757575,4657.484848,4276.272727,4434.424242,4407.121212,4168.090909,4427.727272,3822.939394,3935.757575,4373.121212,lite
373,4354.060606,4806.878787,3959.969697,4743.515151,4053.727272,4654.90909,4274.212121,4433.393939,4407.636363,4170.666666,4431.333333,3826.030303,3937.818181,4378.787878,lite
374,4355.60606,4806.363636,3955.333333,4741.969696,4055.787878,4658,4268.030303,4430.818181,4408.151515,4171.181818,4429.272727,3830.151515,3936.787878,4379.818181,lite
375,4355.60606,4806.363636,3955.333333,4741.969696,4055.787878,4658,4268.030303,4430.818181,4408.151515,4171.181818,4429.272727,3830.151515,3936.787878,4379.818181,lite
376,4355.60606,4806.363636,3956.363636,4745.575757,4059.393939,4658.515151,4273.181818,4432.363636,4407.636363,4170.666666,4433.393939,3828.60606,3932.666666,4373.636363,lite
377,4355.60606,4806.363636,3956.363636,4745.575757,4059.393939,4658.515151,4273.181818,4432.363636,4407.636363,4170.666666,4433.393939,3828.60606,3932.666666,4373.636363,lite
378,4354.575757,4804.818181,3956.363636,4742.484848,4057.848484,4655.939393,4269.060606,4431.333333,4407.121212,4171.181818,4433.90909,3833.242424,3939.878787,4380.333333,lite
379,4354.575757,4804.818181,3956.363636,4742.484848,4057.848484,4655.939393,4269.060606,4431.333333,4407.121212,4171.181818,4433.90909,3833.242424,3939.878787,4380.333333,lite
380,4355.090909,4806.878787,3955.333333,4745.575757,4056.30303,4658.515151,4270.60606,4433.90909,4405.575757,4171.696969,4430.30303,3823.969697,3936.787878,4372.090909,lite
381,4355.090909,4806.878787,3955.333333,4745.575757,4056.30303,4658.515151,4270.60606,4433.90909,4405.575757,4171.696969,4430.30303,3823.969697,3936.787878,4372.090909,lite
382,4353.545454,4808.939393,3952.757575,4746.090909,4057.333333,4660.060606,4274.212121,4432.878787,4409.181818,4171.181818,4426.181818,3821.909091,3932.151515,4371.060606,lite
383,4356.121212,4806.363636,3953.787878,4742.484848,4055.272727,4658,4268.030303,4430.30303,4408.151515,4169.636363,4432.363636,3826.545454,3934.212121,4377.757575,lite
384,4356.121212,4806.363636,3953.787878,4742.484848,4055.272727,4658,4268.030303,4430.30303,4408.151515,4169.636363,4432.363636,3826.545454,3934.212121,4377.757575,lite
385,4356.121212,4806.363636,3953.787878,4742.484848,4055.272727,4658,4268.030303,4430.30303,4408.151515,4169.636363,4432.363636,3826.545454,3934.212121,4377.757575,lite
386,4358.181818,4803.787878,3956.878787,4743.515151,4056.818181,4656.969697,4270.090909,4432.878787,4407.636363,4171.696969,4437,3828.090909,3941.424242,4379.818181,lite
387,4358.181818,4803.787878,3956.878787,4743.515151,4056.818181,4656.969697,4270.090909,4432.878787,4407.636363,4171.696969,4437,3828.090909,3941.424242,4379.818181,lite
388,4358.181818,4803.787878,3956.878787,4743.515151,4056.818181,4656.969697,4270.090909,4432.878787,4407.636363,4171.696969,4437,3828.090909,3941.424242,4379.818181,lite
389,4352.515151,4807.393939,3954.30303,4741.454545,4059.909091,4659.545454,4273.181818,4429.787878,4405.575757,4170.666666,4431.333333,3828.090909,3934.212121,4374.666666,lite
390,4352.515151,4807.393939,3954.30303,4741.454545,4059.909091,4659.545454,4273.181818,4429.787878,4405.575757,4170.666666,4431.333333,3828.090909,3934.212121,4374.666666,lite
391,4354.575757,4806.363636,3952.757575,4745.575757,4053.212121,4654.393939,4265.969697,4431.848484,4406.60606,4170.151515,4432.363636,3824.484848,3938.333333,4376.212121,lite
